{
  "timestamp": "2026-02-23T13:53:59.899Z",
  "config": {
    "numExecutions": 1000
  },
  "storeTest": {
    "success": 1000,
    "errors": 0,
    "successRate": "100.00%",
    "transactionTime": {
      "mean": 1.9297899999999977,
      "stdDev": 0.5721846571693446,
      "min": -1.576,
      "max": 2.224,
      "median": 2.069,
      "p95": 2.083
    },
    "chaincodeTime": {
      "mean": 0.007179510500000009,
      "stdDev": 0.001097682634412038,
      "min": 0.005496,
      "max": 0.046379,
      "median": 0.007055,
      "p95": 0.008197
    }
  },
  "updateTest": {
    "success": 1000,
    "errors": 0,
    "successRate": "100.00%",
    "transactionTime": {
      "mean": 1.8933200000000068,
      "stdDev": 0.6111302460196186,
      "min": -1.328,
      "max": 2.158,
      "median": 2.055,
      "p95": 2.068
    },
    "chaincodeTime": {
      "mean": 0.0022822755000000013,
      "stdDev": 0.00036541841989663044,
      "min": 0.001531,
      "max": 0.004495,
      "median": 0.002234,
      "p95": 0.002938
    }
  }
}